CropWaterDemand_mm,EffectiveRainfall_mm,SoilMoisture_pct,GrowthStage,WaterStressClass
2.45572767414806,0.26473225889388,48.0474422016718,Initial,Low
2.10506650463611,2.00527219504118,40.4235879053107,Initial,Low
4.61069339209287,2.77216929255244,45.2294533239126,Development,Low
6.52730722262954,2.71692148560233,31.9455181405001,MidSeason,Medium
4.15000179801594,2.74091234344109,27.1534651787661,Development,Low
4.68193127785441,3.05581400492533,21.5469642268434,Development,Low
2.12824669794821,0.152683298909967,28.3297279273829,Initial,Low
4.31139983669447,3.97118906704589,24.9483378974419,Development,Low
3.38113232059593,0,42.4481862894712,LateSeason,Low
3.79300454599192,2.62000253166105,20.0243575198753,LateSeason,Low
6.37142447165956,1.04448944568108,30.9525823796852,MidSeason,High
2.93312215985057,0.398149802013579,53.7698427126241,Initial,Low
4.12920126401699,1.86784172704249,53.2796165888721,LateSeason,Low
3.55819770943476,0,30.5598361082806,LateSeason,Medium
2.91549321652553,2.85266409689037,38.3071474985321,Initial,Low
5.57864806517513,3.90700691064635,24.4289387654087,MidSeason,Low
2.72290834905355,0,24.5434960600834,Initial,Medium
2.52983976681963,0,21.2529956318939,Initial,Medium
4.58008920921772,0,33.7695504213785,Development,High
2.15478146992035,0.971495387200658,50.7552137700368,Initial,Low
3.86263619958613,0,34.3129316385085,LateSeason,High
3.98887075593427,0.729919581287028,48.1583513220669,LateSeason,Low
4.35332831656474,0,49.2174884285225,Development,Medium
3.46152525891542,2.93889722356695,56.6915570925403,Development,Low
2.64295142731823,2.08286033028021,46.1182245442197,Initial,Low
2.82804840033985,0.000363458221632307,31.2252880486306,Initial,Medium
5.00161304937516,0,45.4191464968854,MidSeason,High
6.84389229592424,0.319116658411028,35.248458978138,MidSeason,High
2.31109446462397,3.94263619592907,37.0699861052261,Initial,Low
3.47019018794396,0,48.8784934480848,Development,Medium
4.21747523246121,0,30.4873307374314,Development,Medium
2.8340253930705,0,57.3783283651953,LateSeason,Low
5.98102462468652,0,34.7322619254305,MidSeason,High
5.58636894764375,1.50650322128933,30.5863836950328,MidSeason,Medium
6.78790476472125,1.63037184957222,59.4362699734793,MidSeason,Medium
3.20937752236519,3.10920662785495,44.5832680729076,LateSeason,Low
3.47930656402292,0,36.5713574558339,LateSeason,Medium
3.2342769721398,2.95971837530984,51.7167714691821,Development,Low
2.43494367355892,1.46676008784067,53.8364575614158,Initial,Low
3.69269529073014,2.35616976607342,31.4202161486884,LateSeason,Low
2.17488161755991,2.30217175836954,37.1839252095539,Initial,Low
3.74620695297319,0,56.1668871272185,Development,Medium
2.73807917407831,2.07817601347985,24.4300539038174,Initial,Low
3.8706855481419,0,49.7271145988365,Development,Low
2.24745437169709,0.798860633689769,33.0930453010178,Initial,Low
3.43651228598393,0.605216837839544,39.767355734796,Development,Low
2.82491086329001,1.86382570859127,43.7871683113916,LateSeason,Low
3.88239963316999,2.07425413837939,33.3075525454504,LateSeason,Low
3.4438094139661,1.25160016486349,58.3083180720553,LateSeason,Low
5.26564823056112,0,52.9836473925648,MidSeason,High
4.80193985125819,0,27.5431023642571,MidSeason,High
4.345641304224,3.70296498055601,33.168987305104,Development,Low
2.86867197705387,2.89322503923345,45.3171708059162,Initial,Low
3.72644056670688,1.52557232168187,41.4614057406065,Development,Low
5.5886660753286,0.11202193935602,49.150657645881,MidSeason,High
2.95713930633698,0.44439341968699,59.3108033774329,Initial,Low
2.28131562197414,0,45.6721699996791,Initial,Low
3.3426987918121,2.13468507491376,52.1680951504073,LateSeason,Low
3.85848047176383,0,47.5193429891618,Development,Medium
5.97662757122878,0,40.442975851483,MidSeason,High
5.48838518977473,0.045525671438396,41.5705052132303,MidSeason,High
4.09960543620397,2.39293015679925,47.7209141992274,LateSeason,Low
4.4485727396673,0,56.8766261207256,Development,Medium
3.64662842928507,3.77975545855413,55.2549414282539,Development,Low
2.91679474686884,2.16076096719135,55.6842014534292,LateSeason,Low
4.05613547358037,2.80157132571989,28.4875103091527,LateSeason,Low
6.32937283437449,2.76905790183141,40.1609588088263,MidSeason,Medium
3.30201083400394,0,57.6810613847505,LateSeason,Low
6.1286855061165,1.53684995605644,25.4693506454051,MidSeason,High
3.04965133953476,2.84475047263997,28.794521689526,LateSeason,Low
3.75531534493245,3.45662486574424,38.6869246857392,Development,Low
6.2333331251358,0.309698113084786,27.3730995130542,MidSeason,High
3.57046750754802,2.40851973210446,27.5067727777281,LateSeason,Low
4.19434220874982,0,44.1756719004532,Development,Medium
5.86205104290874,0.314715573779799,50.4186428413345,MidSeason,High
3.87935424203761,1.80012510751914,32.4859210093573,Development,Low
3.96259443027812,1.44891226069943,23.7016051737055,Development,Medium
2.68997718759961,0,22.9357997892776,Initial,Medium
2.98726901228276,0,24.9154610462122,Initial,Low
3.11512041823216,0,59.1499696870113,LateSeason,Low
4.7012716275617,0,48.72231474211,Development,Medium
5.316538297486,1.71640972118818,25.9748960942512,MidSeason,High
5.79438685110332,0,34.6635236989439,MidSeason,High
3.67575875915783,1.33474362376383,37.065727188497,Development,Low
4.74336476652007,3.21412851382413,54.5328187259762,Development,Low
2.69008078130526,3.38549791331178,49.0888233285988,Initial,Low
3.25042397118001,0.607156592281299,38.3353708525242,LateSeason,Low
3.95335005730168,0,59.5733522202537,LateSeason,Medium
5.96014958665095,0,37.907129890082,MidSeason,High
3.56516609668575,3.16458315531314,51.0283686423073,LateSeason,Low
5.61560375453377,3.29243551725192,45.4432873380466,MidSeason,Low
5.60423494475124,2.30940174544886,24.074578183895,MidSeason,Medium
2.77534261932784,0.474576769850142,44.5140385648042,Initial,Low
3.0966798672028,3.74750239734839,53.8295824631396,LateSeason,Low
3.42884884917384,0,46.8237763873535,Development,Medium
4.25693819177719,2.61976005797896,44.585280168585,Development,Low
3.72339782352129,0.164395925345746,37.3576493577184,Development,Medium
5.12760598115077,2.45382323921054,23.0769266603695,MidSeason,Medium
5.07516295097024,2.20344119412443,56.5515381344279,MidSeason,Low
4.79434736022572,2.26684067067368,32.9101694619023,MidSeason,Low
3.85478209091758,0,44.2430198120049,Development,Medium
2.66699546220318,3.01461883143182,32.9503525587797,Initial,Low
3.94070623476349,2.00288291834689,43.118556225756,LateSeason,Low
3.70974782703295,2.9720596568235,28.5675630474815,Development,Low
3.29212595266746,0.450703249782904,25.058279260527,Development,Medium
2.22041922336785,0,29.1775776643365,Initial,Low
3.40012331798269,1.56225044703509,28.5105973651429,Development,Low
2.40371531114621,0,45.0166466145953,Initial,Low
3.24989132480166,1.80394482592713,30.8515958146409,Development,Low
6.32347965967119,2.2031962206205,55.3415417361034,MidSeason,Medium
3.59456263755815,0,45.6090120582184,LateSeason,Low
6.38457531790508,0,32.0575946925713,MidSeason,High
4.66194430531264,0,30.8297459296112,Development,High
6.6428087378824,0,20.7466367942412,MidSeason,High
5.27560792069999,0.0872943449805872,45.3352624672995,MidSeason,High
2.96776463645114,3.36282587884512,28.7836256063101,LateSeason,Low
5.45348732222806,3.81433697077954,27.4907763499458,MidSeason,Low
4.00857360592052,2.49383714120404,26.4997333241031,LateSeason,Medium
4.60407650670453,0.191396882707293,56.9633320876887,Development,Medium
4.18832507436128,2.853597141941,23.8774588850684,Development,Low
5.41514820185546,0,42.4812528686158,MidSeason,High
3.61594444155501,1.81867066041887,52.1279428327565,LateSeason,Low
5.16325775988723,1.3714750358014,52.0060064463156,MidSeason,Low
3.38006223281749,0,56.6714388128325,Development,Medium
3.23650122155098,2.25560351259469,55.7268469345389,Development,Low
4.67418504434285,2.93539195784951,35.5162060232374,MidSeason,Low
4.66493034996944,0,49.7547404811401,Development,Medium
5.91443307009122,3.22913401922745,36.9935371709444,MidSeason,Low
3.35038368376717,0,21.4280092486367,LateSeason,Medium
3.93876943607841,0.0733976264059217,52.9786473273817,LateSeason,Medium
3.61313219760013,0,50.6337385799805,LateSeason,Low
2.13859387251292,0,26.8179454359129,Initial,Medium
6.20753866043733,0,52.3515931725354,MidSeason,High
3.90123039053574,1.60700587414243,29.3285891993947,Development,Medium
3.66877871619172,1.10234647493705,25.2613652525156,LateSeason,Medium
4.74008895062609,0,25.1664926787282,Development,High
2.87104475085941,1.71267702607879,20.9064622339444,LateSeason,Low
2.93726481406942,0,50.1186803553348,Initial,Low
3.49131222662712,0,23.752733535164,Development,High
2.94439116598397,2.47812533452961,56.8422491889103,LateSeason,Low
5.35258699989343,2.43046509699085,59.5122170471146,MidSeason,Low
3.91903877247852,0.0747719298121741,22.2343762888658,LateSeason,Medium
5.3146743143811,0,37.9317865509909,MidSeason,High
2.05053642512736,2.57905738288066,23.8400416228145,Initial,Low
6.31494834486036,0,29.8562230262772,MidSeason,High
6.04420946252179,3.88035658355165,45.2748442517728,MidSeason,Low
6.3139029603681,0,56.3470196345237,MidSeason,High
2.75457207666738,0.54141321379988,30.1529518577493,Initial,Low
2.94145200285005,2.1246351672658,29.3296979200741,Initial,Low
3.25916129229319,3.5217793474974,25.5949343016012,LateSeason,Low
3.9741007030472,1.80922395363437,52.0218450719738,LateSeason,Low
3.43181871817409,1.0223624737858,49.4408093136367,LateSeason,Low
3.98052815477999,0,35.8197159093965,Development,Medium
2.03963327382957,0,32.8250193392772,Initial,Low
6.63665057283264,0,39.8458753028413,MidSeason,High
6.06347327519745,3.58637869002203,36.6951422906537,MidSeason,Medium
5.4950309409401,3.97955828156194,29.7235920263212,MidSeason,Low
2.07085417651532,1.53655642955456,59.043048291008,Initial,Low
2.25565660472407,0.759463978720554,27.0192955884059,Initial,Low
5.4154638856295,3.14169959643653,47.1302901318704,MidSeason,Low
2.63808169105033,1.80293202633462,43.20303882049,Initial,Low
3.92954405329754,1.05819932683973,27.686203173645,LateSeason,Medium
3.32049692226404,0,46.6654911107645,LateSeason,Medium
2.29887187118901,0.1561016293653,37.8632245499717,Initial,Low
2.05008647580806,0,36.0710565607688,Initial,Low
4.01264846436064,1.90460822408643,42.7518428994883,LateSeason,Low
3.1033322737971,2.09709650283052,51.7986233997715,LateSeason,Low
4.49903198940162,0,52.2508825422515,Development,Medium
4.32176652100937,0,36.1601428231739,Development,Medium
3.28369043483871,1.72487214037779,57.7245211659783,LateSeason,Low
3.55813460717457,0,40.0325288198817,Development,Medium
2.12642909323928,0.919236988885416,29.1163619908917,Initial,Low
5.06113515335324,0,48.3627577304308,MidSeason,Medium
4.44153770494566,2.28257743327109,36.8153135288142,Development,Low
6.82971678675341,2.09767026746754,52.473631769756,MidSeason,Medium
3.71565470944918,1.40525864472211,45.124556082094,LateSeason,Low
3.59927822923221,1.54968008406026,57.6487961117688,Development,Low
2.783628818183,2.70781084070271,26.2462274651956,Initial,Low
2.61282160909986,1.31923663317034,38.678393358185,Initial,Low
3.96401047380789,0.669921968010613,25.7702145269126,LateSeason,Medium
2.52977965666778,0,27.5163640416986,Initial,Low
3.79170391856327,0,59.1613135761635,LateSeason,Low
5.02924612835072,3.19125200679665,24.6531935180502,MidSeason,Low
3.06345072125487,0,25.324950852246,LateSeason,Medium
2.91750126012816,0,57.1572142926544,LateSeason,Low
2.87021602971769,0,22.2042690031382,Initial,Medium
2.51004521455778,0,25.7186926969567,Initial,Low
2.982329696529,0,35.1560443971798,LateSeason,Medium
4.64402118003127,0.439026812469895,31.4609393900283,Development,High
3.48076185658088,1.55136718866616,37.0135051774916,LateSeason,Low
2.17149464520153,0.54187510900408,24.8977845035647,Initial,Low
3.30329603979326,0,39.6137869262061,Development,Medium
4.78955607382178,0.561621030645027,59.5046645476262,MidSeason,Low
2.55883676753428,1.18682231798397,36.7808694358556,Initial,Low
3.31759383681555,0.406959355029314,25.9777138116334,LateSeason,Medium
3.97416633383407,2.83604135906137,33.1970103958855,LateSeason,Low
4.44140974541307,1.45262344699369,51.4517788213947,Development,Low
4.08708166756333,1.12036553981689,51.9120342850061,Development,Low
2.36135782357411,2.8726303104767,51.6015596340203,Initial,Low
4.40484729743524,1.87583251323843,30.6886332998915,Development,Low
2.81217663381581,2.50217096062255,51.8714481211344,Initial,Low
5.70017258032153,3.72239800819697,58.2842364538904,MidSeason,Low
6.15180918717313,0.62618089418947,20.6603554225168,MidSeason,High
6.47009909756345,2.77894072390001,48.6915181863518,MidSeason,Medium
5.47965670797764,0,39.9665856090583,MidSeason,High
5.86380044939577,3.04095191405143,37.241863387618,MidSeason,Medium
3.0982670860025,0,28.5520943234429,LateSeason,Medium
5.61911361101459,2.77360145787158,55.6233447842259,MidSeason,Low
3.18501215923033,0,39.1618586785951,LateSeason,Medium
3.4026048761103,0,31.5306857344452,Development,Medium
2.81021023187917,0,42.8364595789368,Initial,Low
2.62537599461233,1.83817278991876,56.8988955849685,Initial,Low
3.68863007482926,2.85126189650248,39.3030655091634,LateSeason,Low
2.89965876350039,1.14974565390247,28.40539779018,Initial,Low
3.93410169724721,0.323537132926023,44.4408161418768,LateSeason,Medium
3.37279324692849,0.466202505085004,46.2530814646969,LateSeason,Low
5.2522988462242,0,25.2779352932205,MidSeason,High
2.52935493169034,2.48158812036387,24.4027844100531,Initial,Low
6.61503349975298,2.56895738591405,25.7110358885759,MidSeason,Medium
4.73325780570442,0,54.1630975860465,Development,Medium
4.14806530460162,3.74024081450383,38.469481396537,LateSeason,Low
2.40762858632082,3.12420368436288,52.3071006549063,Initial,Low
2.56962752000962,0,36.9148816006256,Initial,Low
3.3933339520645,2.09304252345891,57.6305910737052,Development,Low
3.91013468527693,0,25.877746908841,Development,High
2.77659440070166,0,37.8981399854952,Initial,Low
3.46374501325093,0,55.8767511248444,Development,Medium
4.90371106523272,0,39.1284000257866,MidSeason,High
3.7381227897184,2.90662508033494,31.923473060755,Development,Low
2.18283505462869,0,40.2787717821464,Initial,Low
3.47441961503635,0,27.8311284350865,Development,Medium
3.34599104716052,0.633972837833875,45.4540615026971,Development,Low
3.81705208813765,0.639060731025158,26.1535292855415,Development,Medium
2.15511829079272,0,47.5475947173954,Initial,Low
4.67163106036998,2.86127309058312,56.3122384189757,Development,Low
2.8298388675438,2.73709122897911,22.1123132972005,LateSeason,Low
2.84026035119193,0.94625090914549,38.134914182505,LateSeason,Low
3.16423191461002,2.40031297978351,50.9952160020563,LateSeason,Low
4.02005834225969,0,57.656599627315,LateSeason,Medium
4.57090306532422,3.01626113402896,57.7334858114314,Development,Low
3.17261634922705,1.60731304079757,57.6986104895711,LateSeason,Low
3.28635297822616,3.2080001461246,52.0643257009432,Development,Low
6.30653845566697,1.71933870203012,32.4515507029303,MidSeason,High
5.21029325302819,0,45.1042386202322,MidSeason,High
4.66187241370292,3.29400339757984,46.2981346687263,Development,Low
3.84502469885722,2.19897696188664,21.337760086937,Development,Low
3.96489993054707,3.52625740804631,35.7923086281318,Development,Low
5.02051857678013,3.66114135869317,30.2144495373852,MidSeason,Low
4.49456557807759,1.74428573018815,41.110246281693,Development,Low
4.66467316387541,3.70388671045303,21.7403198765104,Development,Low
4.5285375892125,0,30.4248262112858,Development,High
4.42785206806488,0,40.0234935061053,Development,Medium
3.34698470952759,0.226882513728766,46.1713301614752,LateSeason,Medium
4.77249753475431,0,52.0937641444562,MidSeason,Medium
2.02352087680364,3.52963718423095,32.736909182399,Initial,Low
5.83956791873,0,59.0665324174161,MidSeason,High
6.44194584305502,3.40786163609563,22.0676789719519,MidSeason,Medium
3.03774752777661,2.07807492300712,22.6322827533632,LateSeason,Low
3.82075541176584,2.00126701057816,51.7713468145249,Development,Low
3.88026210144283,3.23996240874307,31.3955605763072,Development,Low
3.72516372076478,2.47385104056963,20.0134092919315,LateSeason,Low
2.07337563602048,1.65793501474356,21.4361059737142,Initial,Low
3.28255941938043,0,23.9285141363943,Development,Medium
3.4801335449878,2.01462046337488,32.6347969122031,Development,Low
3.55345010690457,1.04821828359975,38.1957639658279,LateSeason,Low
2.4296787483807,0,39.0619796757149,Initial,Low
4.74749462522006,0,54.4737902789839,Development,Medium
5.8035910749949,3.25445592024088,43.144561186598,MidSeason,Low
6.64622671894893,0.273032693581956,52.0279194785528,MidSeason,High
2.18634198389459,2.23931110411359,52.0395490344716,Initial,Low
2.82934408843177,0.656454799809797,57.7715624916001,LateSeason,Low
6.55227298267858,0,30.352379757058,MidSeason,High
5.63876419423857,0,37.1406060844645,MidSeason,High
3.35772099774647,3.89617132844967,43.5637186324154,Development,Low
4.11469973508351,1.99153585644914,57.0693615518231,Development,Low
3.59802510871905,0,54.1035782920099,LateSeason,Low
3.17706488564473,0,46.409307706004,LateSeason,Low
2.88392930981169,0,42.184109605829,Initial,Low
2.82834697311951,0,47.8847122443511,Initial,Low
5.64826826842446,0.0257741300707259,39.3655908264093,MidSeason,High
3.13088392222182,3.59657993647718,24.2261461712703,LateSeason,Low
3.21308198848733,0,31.2932218900659,LateSeason,Medium
4.6426255217844,1.45820954882435,42.2172103471256,Development,Low
2.40459614353932,0.0621248812972466,32.9244835780632,Initial,Low
2.58571999190593,0.0163791982193304,48.8756885607176,Initial,Low
3.45410391675555,2.1900962006009,52.2682352304124,Development,Low
5.96922631809033,0,55.969272937467,MidSeason,High
4.17017510785097,0.0463334815067942,45.3830095988866,LateSeason,High
2.89611564724432,0.475021984374584,30.0208986585148,Initial,Medium
2.39437959965825,0,39.2064763816304,Initial,Low
5.1889253654729,0,55.4197075919703,MidSeason,High
5.93170944494646,0.787563660198134,48.6500693030102,MidSeason,Medium
2.56331276684186,0,39.6245859147791,Initial,Low
2.75946893170345,3.93500056857709,42.7226144463154,Initial,Low
2.08179907565661,0,30.4815605670968,Initial,Low
6.23713389885883,1.79904217439947,41.066137097454,MidSeason,Medium
4.78175731357749,1.16612897053173,59.3441715086073,Development,Medium
2.1727675213172,2.02579575168562,57.899635633396,Initial,Low
5.5600175442153,0.0999266009320081,36.2568128317958,MidSeason,High
2.487771377345,3.05843928377802,34.1687638367518,Initial,Low
6.60699711634703,2.06524632317273,41.2769478701382,MidSeason,Medium
2.14055620958173,1.60901270938458,51.1559855525565,Initial,Low
2.01965079196379,1.40332834827967,21.6400677170844,Initial,Low
5.36535051043137,0,44.018896554079,MidSeason,High
4.02807104107199,1.85212638275932,59.3865622109614,LateSeason,Low
3.58613534254141,3.09064013253629,26.2776891015333,Development,Low
3.46257307028747,2.40894916693039,55.3289558061224,Development,Low
6.24755324845368,0,44.5719658948927,MidSeason,High
2.03577917259262,0,57.6155991856196,Initial,Low
4.31302316172941,0,59.6588631812757,Development,Medium
3.45558790104122,2.31811603661805,38.7440757457689,LateSeason,Low
3.41173692569759,3.34501732460052,58.0940453324595,LateSeason,Low
2.81692705909323,2.14157748431121,56.9144611275843,Initial,Low
2.38386042815956,0,48.4894814648181,Initial,Low
3.48160344214963,1.02596305248233,20.2133441580461,LateSeason,Medium
3.6304086750997,0.136283325338439,52.558417994744,Development,Low
3.95166740726233,2.34456991644866,48.1954410914525,LateSeason,Low
6.4451268017699,2.38183476237263,54.6745776058331,MidSeason,Medium
4.41309901045435,2.37320827217967,27.8850652645831,Development,Low
4.71014661456192,0,37.7913182889154,MidSeason,High
5.61691703570125,2.7003925110548,44.5741347325853,MidSeason,Low
2.49585277385371,0,59.3523908725735,Initial,Low
4.0224309206434,0,21.2864526400399,Development,High
4.15802442107049,3.54639219556184,36.1330247562153,LateSeason,Low
3.03428475589108,0,47.402332852454,LateSeason,Low
6.05879775073652,0.268918835122811,31.9636072099195,MidSeason,High
6.33832329013216,2.8915609218815,37.7749448526743,MidSeason,Medium
3.34910939882991,0,22.306295720843,LateSeason,Medium
3.61942348630094,0,28.5808687626616,Development,Medium
3.30761615608066,0.202163541168179,35.6687040502337,Development,Medium
6.31298222760831,1.29695175125729,31.152444437202,MidSeason,High
3.26000764576131,0.406654072017336,43.6192320756173,LateSeason,Low
3.88820651945627,0.388997326258359,21.2642723966646,Development,Medium
2.30193587426569,0,37.5182759350191,Initial,Low
3.73692571553351,3.60082082330099,24.9331778664668,Development,Low
4.72704934265776,3.40142174712324,39.4758808918352,Development,Low
2.6629414915564,0.0993993890780231,52.8387571527029,Initial,Low
6.62000272623277,0.618592951345899,20.2266635788078,MidSeason,High
3.40955269767365,0,48.550612053506,LateSeason,Low
4.4742555297662,1.0639716856707,46.6245904530435,Development,Medium
3.99723250717357,0.377146631864005,29.1860482846248,LateSeason,Medium
3.46185584057698,1.56811421894232,52.7648638261287,Development,Low
6.79620445711706,3.29507564685871,43.7928706210133,MidSeason,Medium
2.95232483393935,3.20522267299326,37.3298219637657,LateSeason,Low
5.92813515783274,0.17333142512658,23.2917037982125,MidSeason,High
5.50734559826364,0,54.6841785928723,MidSeason,High
3.80409781296258,0,37.4351479162693,LateSeason,Medium
3.68864869970682,0,35.9223255247017,Development,Medium
6.06473541812746,2.45488111345923,55.6689623588659,MidSeason,Low
2.69720455634994,2.10138954672447,50.0022981974875,Initial,Low
2.0688908257808,0.699545276601323,44.1790283614208,Initial,Low
5.97529041264612,1.53622851819218,27.5712682654068,MidSeason,High
5.82495262214006,0,44.3535150493728,MidSeason,High
3.78386303759384,0,30.4205712201415,Development,High
2.14816398864539,0,37.3692538344027,Initial,Low
2.95791317929673,0,59.1704745533197,LateSeason,Low
2.73449861490273,2.1033999914086,44.1040011530346,Initial,Low
3.44627124641471,2.65156177845119,54.3149702923531,LateSeason,Low
4.62136101084347,0,41.3161197439159,Development,Medium
3.65500279306624,0.606916843196259,35.9586671118322,Development,Medium
3.93079219737722,3.03798335972014,55.1071949514999,LateSeason,Low
3.02668006892266,3.98612840621602,44.1236970542317,LateSeason,Low
5.2363288227854,1.19376555981425,56.3145337599444,MidSeason,Low
2.91023816992511,1.37466344625785,35.0194678020593,LateSeason,Low
2.83955152061905,1.50986621178956,54.8214048141066,Initial,Low
4.02708804431237,0.453005031080037,28.9304283947319,LateSeason,Medium
5.60860857801504,2.36104255175153,32.4501544825475,MidSeason,Medium
3.74743588672422,3.3437352113493,53.0880110784217,Development,Low
6.50774712766517,0,42.3049081171236,MidSeason,High
2.45153063937087,2.96731935625951,21.950474073834,Initial,Low
3.04795078596694,3.28356183962086,47.1143320142578,LateSeason,Low
5.89304638927574,0.872287785350205,54.5738873258773,MidSeason,High
2.55322431226564,3.47773907487727,56.7585874688554,Initial,Low
2.75551153092336,2.96509202219959,44.6435284099095,Initial,Low
4.38745179394478,0,26.1339846865761,Development,Medium
4.79727181279223,0.0753766891071868,45.7924141235174,Development,Medium
2.22684551765253,1.58124029379685,26.3750463873341,Initial,Low
4.72287905066442,0,56.9389997813763,Development,Medium
5.30801672282779,0.347213056384387,20.1722144055502,MidSeason,High
2.72328825932871,0,45.8479000789251,Initial,Low
3.49174853447851,3.08827711299188,45.5613599660597,LateSeason,Low
3.96089363722627,0,45.8359936469848,Development,Medium
3.26774201493406,0,33.802081616213,Development,Medium
5.26156393429802,2.02624389065587,44.1309346303547,MidSeason,Medium
2.58064805684503,0,33.5719050398056,Initial,Medium
2.99423012517965,3.98424106071918,47.8413319612418,LateSeason,Low
2.39241506653585,0,20.7644600872809,Initial,Medium
5.32782793202918,3.23865051566231,45.0284074663213,MidSeason,Low
3.53239377193338,0,52.2850408724928,LateSeason,Low
2.19937909923466,2.13074450390155,22.5268595856611,Initial,Low
6.21419741202831,3.2661870121041,43.9819755638635,MidSeason,Low
3.30045926121102,3.0828815725593,46.6124454807014,LateSeason,Low
2.8770558798604,1.51393812456546,58.7021599212809,LateSeason,Low
4.75792034247815,2.59101126587557,40.9966909270939,Development,Low
6.35731884507918,0,27.6065993549296,MidSeason,High
3.84491286050159,2.91404023892042,33.2082907846452,LateSeason,Low
6.51905152394658,0,51.4614143251535,MidSeason,High
3.00454170010808,0,49.8029911660419,LateSeason,Medium
4.92720015899125,0,50.4285685789699,MidSeason,High
2.04529469392976,2.44810085889382,40.5400818262862,Initial,Low
3.60938854407551,3.82792570193845,38.3595924739078,Development,Low
3.83721517573187,1.3026233388882,48.0524792707549,LateSeason,Low
3.43292019283864,0,58.4513482344058,Development,Low
4.72685700126545,3.50791107831551,31.8433519797856,Development,Low
3.96153834374616,3.58958274292649,55.4799697129189,Development,Low
2.83661610749707,0.644963026980601,49.0232534185524,Initial,Low
5.93299229963947,0,43.3744893689756,MidSeason,High
4.07113895782634,0,35.0565223718852,Development,Medium
3.34187939020877,1.97977381585371,45.8222994052428,LateSeason,Low
2.6619456202967,1.93833046355278,52.8391990285602,Initial,Low
3.37965210481153,0,21.1941778710038,LateSeason,Medium
2.82253456212437,0.99834494254184,45.6002347299394,Initial,Low
3.17720299097609,3.11389521018256,36.5102376572371,LateSeason,Low
3.34555620739943,3.05296491490738,50.2424704853864,Development,Low
5.90411896927186,3.72743892021819,41.1229366698453,MidSeason,Low
3.46140862422067,1.53466507673799,58.6727630612664,Development,Low
2.18311673318074,1.78854985844176,44.8828524964469,Initial,Low
4.19758218107077,0,44.3298408304236,LateSeason,Medium
6.36420986918407,3.70262040877885,50.3476543330551,MidSeason,Low
2.32658697064318,3.33429709066158,57.6738105125119,Initial,Low
5.55454142461484,1.2138740200039,48.7901600696783,MidSeason,Medium
2.51037169824936,0.727298939426852,57.5246665798499,Initial,Low
3.65299105632344,3.30484843908737,58.4567630282133,Development,Low
5.27511072394415,3.76885598078206,31.3587013998745,MidSeason,Low
5.12540256946845,0,32.2604931346565,MidSeason,High
2.2178240563183,1.50135840760816,30.9616328396734,Initial,Low
2.17244887093512,3.12968588219452,53.4347637308828,Initial,Low
4.58619576621636,3.60321280132507,51.5435229092696,Development,Low
6.34821500048592,0,25.4693900216879,MidSeason,High
4.17646011042773,3.52636157085617,41.547110598612,LateSeason,Low
6.03631413721879,2.68121488256472,37.83711569605,MidSeason,Medium
3.04411442812245,0,39.325550017056,LateSeason,Medium
3.99729869443562,0,56.2906427212206,Development,Low
2.90679900625208,1.29883595436448,52.7619802356341,Initial,Low
4.18173493109801,2.36680569885864,35.951456938602,Development,Low
2.81733529561902,3.10556806360707,39.7843719107402,Initial,Low
3.59071743254631,0,37.219497197041,Development,Medium
4.92517384204152,3.26854288488732,34.7941014118234,MidSeason,Low
4.15301319728908,0,31.0943725623369,LateSeason,Medium
2.49251139906536,2.40438975179539,46.2215526329221,Initial,Low
6.63688516862473,2.20760945815286,47.9552395227253,MidSeason,Medium
3.58952729245353,1.67073571211312,42.2567805045305,LateSeason,Low
5.33004862806083,0,29.6255099335965,MidSeason,High
3.78592243239152,3.77152164570469,57.5008366891845,LateSeason,Low
5.67011215712931,1.60737254815963,28.2344393555323,MidSeason,High
3.44183132524388,0,23.0358557576631,Development,High
6.3947556084345,1.02772897392703,21.894422546245,MidSeason,High
2.996375602002,0,57.4494643236168,Initial,Low
2.84710913600192,0.438296752715622,52.9978506680461,Initial,Low
4.27389282869481,0.281651383785769,56.2446414868923,Development,Medium
4.45331741112964,0,55.5762017662582,Development,Medium
2.7971119692488,0,59.1532538854433,Initial,Low
3.20377418852519,3.17247378599922,50.6259061569072,Development,Low
6.68918596886792,1.40139858107546,53.826438584496,MidSeason,Medium
4.66964898689604,0,35.908534789759,MidSeason,High
3.30888647320137,3.54302456182078,28.4778151935651,Development,Low
3.69546644703045,2.51747264663967,57.6087963575856,LateSeason,Low
2.14050260656824,3.77722375439294,59.1492098023614,Initial,Low
3.86265732354485,1.04500372986228,21.1465418379842,LateSeason,Medium
6.8689989828938,0,22.3936345092683,MidSeason,High
4.36178532924607,1.20924033309393,42.1573126310015,Development,Low
4.90940223311076,1.35648722964399,31.9031333685398,MidSeason,Medium
3.19094306541662,0.210927651551025,52.1518962903545,LateSeason,Low
6.41328351490862,0,43.865228734005,MidSeason,High
5.99450163427268,0,58.5642532033143,MidSeason,High
5.72494075174898,3.87717187119766,33.2079715813293,MidSeason,Low
3.18537116192204,1.58706944769836,44.5218654394718,LateSeason,Low
3.03224821976008,0,25.3049688969899,LateSeason,Medium
3.72603897587182,0,44.7558180356849,Development,Low
2.36968058306361,0.698189866325324,53.4024547355784,Initial,Low
3.68323037365547,0,40.2862469992219,Development,Medium
4.45442844525556,0.0248215388266013,57.6179635304258,Development,Medium
2.19839618290447,3.1520865948577,42.7757785892922,Initial,Low
3.62463716978641,0,58.9761218645191,Development,Low
3.52028481487094,0.301503134010685,21.0218274421565,LateSeason,High
2.44465282657808,0,28.8209438699283,Initial,Low
3.917223130073,0,37.7558623338713,Development,Medium
2.8593992953492,2.33886684735338,23.9965069807417,LateSeason,Low
2.46428162226508,0,46.8660222906596,Initial,Low
4.49395948087424,0.572564171366355,55.9176574246377,Development,Medium
6.67976765047213,2.7110816390983,20.0055070393908,MidSeason,High
3.89983277373714,0.469334066852024,33.5253458041665,LateSeason,Medium
3.28747403240583,0,24.0218871694014,LateSeason,Medium
4.22611648079632,2.46669871123964,37.2633858647962,Development,Low
3.31636402774521,2.64931996703246,34.9185014409271,LateSeason,Low
3.94474133009279,0.200014670192441,59.3585553142455,Development,Medium
2.9512794228431,0,26.8239274675887,Initial,Medium
2.51137700010587,0,51.4522166090254,Initial,Low
4.27037951281688,0,56.7398613619373,Development,Medium
3.44880546860371,0.300496426004869,33.3881533447388,LateSeason,Low
2.63116225976341,0,33.0711247730781,Initial,Medium
2.56563138227397,3.59840535311274,52.1932738312797,Initial,Low
2.84183378301601,3.12905217376263,54.4925901881631,LateSeason,Low
3.13992227023571,3.34378516915615,31.4972901713155,LateSeason,Low
2.71191072478121,0.338279996852681,23.6154780402675,Initial,Low
2.52010643846881,2.95021545886593,25.4189123765367,Initial,Low
6.42580320124512,2.32749778102731,49.4849476594766,MidSeason,Medium
3.02805264177809,0,38.2608378908792,LateSeason,Medium
2.0533316829228,0.429760934155393,24.6861529687989,Initial,Low
6.13916774703701,0,59.9990579339262,MidSeason,High
2.5947227371273,1.64147810479112,41.1415397617193,Initial,Low
6.02100353867464,0,55.9158902173597,MidSeason,High
2.79435206321155,0,51.4818853089132,Initial,Low
2.24189725638308,3.44968817835809,58.6136809268054,Initial,Low
6.74888728655461,2.21182353619988,47.4321212978481,MidSeason,High
4.04039353085935,0.960757581550304,29.8537784805046,LateSeason,Low
2.90381427933316,1.31666778271657,28.8863700377124,Initial,Low
2.78013870286752,3.57481610020094,41.2437987416928,Initial,Low
2.26494521977629,0.404135356319919,36.4432106104736,Initial,Low
3.99687406886848,3.62116721094643,24.3528774970743,LateSeason,Low
2.94855615429148,3.3243506204722,30.1269775031193,Initial,Low
4.7297573575699,2.17587160001305,21.9248185541796,Development,Medium
4.62431486132452,2.48435754322477,33.7021633490477,Development,Low
3.87971910389879,1.54246551380122,41.9766968738323,LateSeason,Low
3.55201856053999,0,47.8849625763053,Development,Medium
3.45250370547605,2.76421196477602,21.8213659267364,Development,Low
4.06880484777537,0,40.5614923440161,Development,Medium
4.63541442322368,1.70993758945469,46.207889048136,Development,Low
4.03454161183949,0.71990022075983,28.3275797675399,Development,Medium
3.5333717683809,1.33030244001229,56.0453735496882,LateSeason,Low
2.70713916620874,3.74095107489743,56.4274844566367,Initial,Low
4.88003228022362,0.79346199784845,48.185907839405,MidSeason,Medium
2.44974250513076,2.30733050647,55.187313387876,Initial,Low
3.2753523592689,0,28.9373191092391,LateSeason,Medium
3.62655705975132,0.0818240893247215,38.4630387417712,Development,Medium
3.12114260525964,0,48.6063002372491,LateSeason,Low
6.4674329297028,0,47.6336348334007,MidSeason,High
2.97076803119822,2.09526589627427,42.2911679877751,Initial,Low
3.86555721628949,0.618130055558344,38.2428595657823,LateSeason,Medium
4.72231410157538,3.29291589818838,23.1966683887011,Development,Low
5.79577003244496,2.01031902739357,51.3200675549105,MidSeason,Medium
3.28594205035225,0.853826496018138,29.9268572226468,LateSeason,Medium
2.95435607642433,2.12910216117859,45.1030096097032,Initial,Low
2.27405428177614,3.09419112669489,53.7057496314523,Initial,Low
3.33757766944459,3.31780391779397,23.0929441142645,Development,Low
4.12515297258947,0,29.5328701220416,Development,High
4.64003587181479,2.20748142594027,54.8329878730187,Development,Low
3.94762095187827,0.933462303669313,41.8793176160254,Development,Medium
3.83169841111549,0,51.031537452171,Development,Medium
3.67785036062368,1.9782748852427,42.5924109720008,LateSeason,Low
3.85487754524683,2.99106400847771,38.8703954288583,Development,Low
4.13399421363455,0,47.3556466355461,Development,Low
3.7208183278113,0,44.0520306881748,Development,Medium
2.13653838910749,0,45.1451589792964,Initial,Low
4.14452664330462,0.61923949996697,34.7407473466831,Development,Medium
3.82485802196403,0.73831191309628,39.8679091626888,LateSeason,Low
3.82491052214759,0.955312873369179,48.2016840255488,LateSeason,Low
2.58661601959199,1.74336282378367,28.9169645289974,Initial,Low
3.32547402377647,0,43.140428895512,Development,Medium
6.21978937790933,0,35.4936891039359,MidSeason,High
5.14054842730217,3.85545442385334,44.0322815352477,MidSeason,Low
2.03432670234467,3.23479451364793,24.23371497508,Initial,Low
2.4565403512396,1.37408327123596,21.0506063582545,Initial,Low
3.89618006897043,2.06932471095343,48.5679988415305,LateSeason,Low
2.37678829851572,0,30.7626964564727,Initial,Medium
3.8552595313168,1.7656223428084,25.9528409629578,Development,Low
3.78592750708295,3.90478455624928,26.6697686941775,LateSeason,Low
5.78862766881216,1.51099086869934,41.8306499326071,MidSeason,High
4.04000218586937,2.51103175210646,24.1846809777765,Development,Medium
4.10770415677267,0,31.7637906566746,LateSeason,Medium
3.28805040681508,1.69760963721761,20.3983881411922,LateSeason,Low
4.19552399153615,2.63334653056034,21.3917405120947,Development,Low
3.01230385264744,0,28.6849757898045,LateSeason,Medium
6.3787241252259,1.28271821805994,47.2198926596305,MidSeason,High
3.78382744738833,1.08731163438999,42.3715042336841,Development,Low
3.80751500401841,1.29528150920777,42.8654034294699,LateSeason,Low
3.64007978794466,0,33.8189715664928,LateSeason,Medium
2.90903398672367,0,34.0596834060562,Initial,Medium
4.84862041850557,0,47.79617929482,MidSeason,Medium
3.34447929731085,0,23.7618569411256,Development,Medium
4.70849381122611,0,57.1334531083166,Development,Medium
3.51077200917631,1.43632872447199,26.0124893288246,LateSeason,Medium
4.469971533239,0,52.6775544733764,Development,Medium
5.68634162312117,2.48581712323086,51.3208934284899,MidSeason,Low
2.05005092707894,3.76300187894808,37.5375552022848,Initial,Low
4.42366493322241,0,56.8746139253291,Development,Medium
3.29506792201146,0,24.3807346509546,LateSeason,Medium
5.71725696675037,0.648512421864902,57.902960458389,MidSeason,Medium
4.20361591061723,3.27563855329739,30.0065636339999,Development,Low
4.22088072927821,2.72265685242382,59.9086490595124,Development,Low
6.37024726050121,0,33.1530285549848,MidSeason,High
4.15623964565358,0.409994990570211,31.5187109880302,Development,Medium
3.09883770336545,3.99471848113511,58.8697005844774,LateSeason,Low
4.37677365431321,0,47.0105624111623,Development,Medium
2.96527679582796,2.90745500378275,24.1486223010907,LateSeason,Low
2.86908336011088,0,54.2380638404163,Initial,Low
4.17178972136726,3.98802857494811,25.7831863676905,LateSeason,Low
3.92264844899063,1.40248548616523,32.5921865268778,LateSeason,Low
2.44137832047856,0,39.028161594361,Initial,Medium
3.81630476369473,1.11571020827515,44.7790448480225,Development,Low
6.64615511978401,2.46387675842528,46.3749214622739,MidSeason,Medium
3.23291330311004,0,50.5579961912122,Development,Low
2.89804873205451,0.696826213141996,31.150806375949,Initial,Medium
3.18505477504957,2.87009557517155,34.4198043292707,LateSeason,Low
3.79278835200185,0,51.9933677135204,Development,Medium
2.29711187217138,0,25.2375194286231,Initial,Low
2.39570471737813,3.49358246110175,59.0823961874866,Initial,Low
6.26301057017967,3.91989077001075,20.2377483244526,MidSeason,Medium
4.79404769442528,2.73344452501871,58.9074531540733,Development,Low
3.36888884821416,1.51236952743141,32.3983685521271,LateSeason,Low
2.22760603809382,0.204644095227216,53.8523159734067,Initial,Low
2.28999430245489,0,35.2408303433113,Initial,Low
3.63411755100071,3.64430555984058,28.5423705074419,LateSeason,Low
4.31682279459074,2.9537070560674,28.7055673799162,Development,Low
3.75344344216002,0,47.4391050812419,LateSeason,Medium
5.97383852353074,0,40.9586257071968,MidSeason,High
3.78664716678315,2.73590134908862,46.8417832990973,LateSeason,Low
3.70529886121716,1.43471838434967,42.9911617914998,LateSeason,Low
2.86907016914964,0,53.121632418955,Initial,Low
4.24605650045103,0,34.8830323851056,Development,High
2.98302925082294,3.21128370824643,43.9555680716211,Initial,Low
3.70117036178839,3.12853824393757,40.7916276232754,LateSeason,Low
6.34115361496224,2.1974805422761,52.7114468656068,MidSeason,Medium
2.88120135454096,1.97249089376558,25.7989066668148,LateSeason,Low
3.91761455348553,1.50004486754546,29.4240079060247,LateSeason,Low
3.87487260657865,0,32.3897606727841,LateSeason,Medium
3.40957115347452,0.60651691543997,26.1154475889747,LateSeason,Medium
3.02214884439337,3.26248024248443,21.5812579884355,LateSeason,Low
4.88434562115589,1.15815959433531,49.1299063299583,MidSeason,Medium
3.20208989791872,0,52.0938670125018,LateSeason,Low
3.80681449385951,2.89504747648392,49.7635402317699,LateSeason,Low
3.9900645125375,3.53554926487455,32.2610684637754,Development,Low
2.53660064666193,0,25.7705956286489,Initial,Medium
6.6655953223235,1.98829472235166,22.6875283176948,MidSeason,High
2.78902032898542,0.598812044909241,59.6284360786631,Initial,Low
4.10780892408186,2.82479748560537,43.0523696264761,Development,Low
3.21665883740127,1.1720800080932,42.4427076510008,Development,Low
2.88980395224352,0,45.1949630474611,LateSeason,Low
2.59646806216213,0,44.9324502054635,Initial,Low
3.49624253619043,3.4290565762421,43.6941172932828,Development,Low
4.1318587192559,1.69674509363203,37.5779099363493,Development,Medium
5.92489823380985,0.243628358954841,58.4176074706455,MidSeason,High
3.77659926151374,2.18336682702706,42.8728021288606,LateSeason,Low
4.52104632693103,1.3307870554178,42.5098569508177,Development,Low
3.40260184473127,1.12834628892659,23.3521388123387,LateSeason,Medium
3.7212476626924,0,23.4815541207669,Development,Medium
6.84598299333089,1.75746054009602,29.3922951456813,MidSeason,High
3.86910139356541,1.91275187499363,22.468620033764,Development,Low
2.37758930743396,0,34.4800018405989,Initial,Low
3.52896600250583,0,28.9662663021331,LateSeason,Medium
6.1816869594784,2.3253465222339,27.8125147330349,MidSeason,High
3.3378310651436,3.22138094978598,28.1702457252794,Development,Low
5.45948625960033,2.71721737554416,57.5214885531734,MidSeason,Low
3.35896183643928,2.1055596506974,50.8739419583093,Development,Low
2.731166311491,0.592618208865002,39.5786144714221,Initial,Low
6.66893885050783,1.4252834978296,51.0984503576848,MidSeason,Medium
4.09938435337463,0,58.8451173317498,LateSeason,Low
5.95753500346911,0,40.5337573660632,MidSeason,High
2.40097034860147,0,44.6677295866741,Initial,Low
4.55159969984858,3.09349193930702,55.7093115068786,Development,Low
2.31795944912585,0,28.5126427680634,Initial,Low
2.22833139676061,0,46.4672681781739,Initial,Low
3.54972361927117,3.49885558979705,55.9695858803751,Development,Low
2.89578181141077,2.35541967862745,54.224166053323,LateSeason,Low
2.9974856777565,0,23.6976232494154,LateSeason,Medium
4.05363086424978,3.88512963151207,22.9523417729353,LateSeason,Low
3.4148935819714,0.484480926694098,23.5536657714683,LateSeason,Medium
2.03716553592948,0,23.3328867763113,Initial,Low
2.39188648363538,0,30.2702275391034,Initial,Low
2.28929301985145,1.29898114968874,59.7260766084889,Initial,Low
2.02387081435482,2.47988145010224,24.741296614253,Initial,Low
4.80385612956188,1.95140480001485,49.4017568453392,MidSeason,Low
4.49042664907173,0.227928310305398,50.9572719717178,Development,Medium
5.60487477737878,0,41.4868693596414,MidSeason,High
4.050138091328,1.59989153407821,44.4523387759493,LateSeason,Low
3.42644594321755,1.01656151546206,57.5605212931415,Development,Low
2.35030742931421,0,28.1524167069073,Initial,Medium
4.11760751457508,0,22.0279365117098,LateSeason,High
2.57636307302184,2.14521918009267,43.2992343313466,Initial,Low
4.06602736298248,0,42.5039244588073,LateSeason,Medium
4.58641473559363,0,31.6597852770637,Development,High
2.57571744288631,1.39442990543966,53.6166253109837,Initial,Low
2.69228584928495,0.80954860785068,41.5370807438176,Initial,Low
2.94497015850378,3.37772921424013,49.5899994567068,Initial,Low
3.14678206476718,1.39789198680379,50.9152029298244,LateSeason,Low
2.81999090265044,0,28.6838882756309,Initial,Medium
2.86612683002306,0,28.098646885808,Initial,Medium
4.74954539425135,2.02469125373567,26.8124153706672,MidSeason,Medium
2.33693677846867,2.57526910955444,32.0537791202545,Initial,Low
4.00440493477353,0,31.0072599165845,Development,Medium
3.85708618130361,2.85290884575234,21.9644915759675,LateSeason,Low
3.8862934847681,0,23.1649191233898,Development,High
5.72854246515595,0,36.3584224120433,MidSeason,High
3.2266926507675,0.500110002542627,41.0062078662953,Development,Low
2.16250492432504,0.184417924185863,52.6783624148615,Initial,Low
2.36000632531494,0.453130303199236,49.0209731493365,Initial,Low
3.46396662930896,2.6775292733186,37.9812780721545,LateSeason,Low
2.9707367141188,2.79791944307343,57.6421470654073,Initial,Low
2.30703408923499,0,39.1124768844886,Initial,Low
2.73551255296282,0.222694495486676,26.2778778745811,Initial,Low
4.63960570514514,1.32904231093748,50.9527395574039,MidSeason,Low
5.86480705332971,0,45.0497646976443,MidSeason,High
4.47976526441386,0.0355121624303378,24.3216676395212,Development,High
5.37252084974419,2.55579700609544,25.1317287445163,MidSeason,Medium
3.56969102056203,1.10045198509392,27.6627551002233,Development,Low
5.12207490752383,0,59.1750581745292,MidSeason,High
5.7434518405384,0,32.5682949992334,MidSeason,High
2.60053705972996,0.00336280579594384,40.2145781482115,Initial,Low
4.68612616078691,1.24326157729533,29.9998884348816,Development,Medium
3.23488231271553,0,33.1140385156682,LateSeason,Medium
4.20010545504582,0.0831019095761696,58.1684162679066,Development,Low
4.9335916433318,2.05284795514033,53.2899821346574,MidSeason,Low
2.37559263364819,0.471699039476178,48.2147771111972,Initial,Low
5.03672357278745,0,56.2500902481762,MidSeason,Medium
6.36796889105415,0,25.2442625938731,MidSeason,High
2.38662352564581,0,59.2888942506017,Initial,Low
3.75381261779002,0,50.7702181074503,LateSeason,Low
4.09976757994064,0,22.6989656951651,Development,High
3.86798969279822,2.84661706937655,20.6235804048638,Development,Low
6.21790877668602,0,41.3115912267027,MidSeason,High
3.10934665165909,0,38.409810741459,LateSeason,Medium
3.98489004778284,0.970334800160765,32.6320760275886,LateSeason,Low
6.39254225212043,3.23405995324851,30.7406939875992,MidSeason,Medium
2.35422679279651,2.96125333089747,47.2009222517932,Initial,Low
4.04372467451348,1.52404495871102,32.9274495711217,Development,Low
6.42751466113478,0,35.2505978032682,MidSeason,High
3.93632893406947,0.505074236705024,44.3913631126578,LateSeason,Medium
2.8583058696701,0,22.3679878631431,Initial,Medium
4.55506928027694,0.814943103018321,40.7350185516114,Development,Medium
6.48368889315012,0,32.7234791800726,MidSeason,High
6.17548456348696,0.174031892788532,44.3345914451241,MidSeason,High
2.1997473155559,1.23194964242198,37.5159037204163,Initial,Low
4.19563327430293,3.67505916791864,47.1264304158477,LateSeason,Low
2.10645045288487,0.36402383078632,22.9143921204306,Initial,Low
3.12008147109963,0,54.3829694734398,LateSeason,Low
3.28141952749377,0,59.858796213482,LateSeason,Low
4.61687241570917,2.74098877181524,58.2134687239381,MidSeason,Low
5.20322916203881,1.1017285616008,29.2808009560887,MidSeason,High
4.69992026596541,2.04262233151959,42.7346167606792,Development,Low
3.65242368272069,0.887154145550907,33.6430279081406,Development,Low
3.73307820879659,3.72220899772313,51.2431257369263,LateSeason,Low
6.59366280372352,2.71909389127742,21.6790026052892,MidSeason,High
3.36059846100462,0,21.4109900273847,Development,Medium
4.2874075455623,0.933912527527653,38.4288729980078,Development,Medium
3.81309228734008,0,55.9759840306083,LateSeason,Low
4.08619346703618,0.190379648097058,53.0523472042829,LateSeason,Medium
2.94525688260535,2.01843494909662,37.9170459488039,LateSeason,Low
3.71905378984055,1.72813923925403,52.393740024234,LateSeason,Low
4.1363040142191,3.27508085122782,51.227103977032,Development,Low
3.7680326081308,0,35.8098767837995,LateSeason,Medium
5.89123684568671,1.54069062904331,51.9493839827947,MidSeason,Medium
4.11583630063132,2.29507595146549,27.5674213324028,LateSeason,Low
6.61782817953263,0,29.3771699966028,MidSeason,High
3.33906592898466,0,33.4476109638935,LateSeason,Medium
3.35921205353606,0,42.3140646812263,LateSeason,Medium
5.08685657006578,0.138534585458425,51.1766960534002,MidSeason,High
6.67194127349797,1.80274053559273,48.7879724705107,MidSeason,Medium
2.29289532416867,0,49.5882522719039,Initial,Low
4.77287509180894,0.541313733302084,58.9915034835366,Development,Medium
2.81216952618373,0,41.5205004819507,LateSeason,Low
2.99195940170837,3.70349095701772,22.1887016789262,Initial,Low
3.68045179970759,2.02984252492343,55.7868013674646,Development,Low
5.12860940645569,0.276606976906598,44.5575062480198,MidSeason,High
3.30417975788059,0.197841927234149,20.1698491162041,Development,Medium
2.7880001782602,1.88484462361402,27.5256868570601,Initial,Low
2.4364303588242,0,27.8538155170276,Initial,Low
5.93992579176843,0.00335064808440322,33.6567958737447,MidSeason,High
5.53565271462036,0,40.991076757191,MidSeason,High
6.60484128991938,2.99714934780808,24.9942688775126,MidSeason,Medium
3.67380551233245,2.21019633561931,38.2886547632994,LateSeason,Low
3.94766651955711,2.86464449661843,25.7000036027254,LateSeason,Low
3.74212484196624,0,39.0000901161815,Development,Medium
3.90247845561331,0.938713559245605,45.5119950096632,LateSeason,Low
4.86949221709419,2.29761739471876,51.3451433472534,MidSeason,Low
6.79547875016781,0.0585373120735104,50.189816064896,MidSeason,High
2.06967140678288,1.4431518355514,27.7434628286847,Initial,Low
4.14490021537202,2.90803919787194,37.5354935375706,Development,Low
3.14905835140369,2.34120631648873,36.734946290035,LateSeason,Low
3.21667439777889,0,49.2031147621806,LateSeason,Low
4.01991480107588,2.96884764200439,42.9494622466736,Development,Low
2.03972008406008,3.67063202326279,23.5412654076236,Initial,Low
3.28437974814033,0,28.4486883220665,LateSeason,Medium
5.19182987249805,1.71650888722599,57.3616139501064,MidSeason,Low
3.90275101727144,1.62216662295454,37.9290522168625,LateSeason,Low
2.82508364337497,3.29471203682597,50.3074694123266,Initial,Low
5.85726978149927,0,41.1555591636716,MidSeason,High
4.24716154024962,2.80598729886089,30.78912965903,Development,Low
2.42712898389219,0,36.87232008032,Initial,Medium
3.44863664533081,3.97207516975188,41.332484314791,Development,Low
3.98003251686172,0.602427633929981,23.0362659319166,LateSeason,Medium
3.82358959129344,0,59.9561052149944,Development,Low
2.4151230079882,0,20.8380307154573,Initial,Low
6.84238915074321,0,27.1445552404552,MidSeason,High
4.17768470697405,0.9781212482005,50.3873942745302,LateSeason,Low
3.26373730305132,2.78647978516661,33.3770740286477,LateSeason,Low
4.53995274213883,3.92604754958503,44.6975678510188,Development,Low
3.91009887977992,0.625029790819122,25.2165431550279,LateSeason,Medium
3.25350616144766,0,42.7531196791909,LateSeason,Low
4.11872765964133,2.91906579119617,26.0856789278271,Development,Low
4.11524107760709,0,29.6361337567274,LateSeason,Medium
2.41282492000074,0,46.8090161273531,Initial,Low
2.43436709574826,0.455147917329731,44.5889411290945,Initial,Low
3.96224585655311,0.752176230957059,39.033796896917,Development,Medium
4.06025040340221,0,34.5059766969266,LateSeason,Medium
4.87766455789013,0.196594239122334,24.8887138989819,MidSeason,High
4.94382043599181,0.515745986078316,44.7468095467714,MidSeason,Medium
3.61882223008782,0.670680148655618,50.6547763409337,LateSeason,Low
6.88755677631053,1.3176381506783,22.156024159618,MidSeason,High
2.69446724390188,1.12002474941776,49.9361972149074,Initial,Low
3.46125192122103,1.06423045837822,59.7462721966066,LateSeason,Low
3.91159969276744,0,21.7087612572958,LateSeason,Medium
2.14279694858937,1.64928291708537,22.8154851209424,Initial,Low
5.83929694401911,0,57.2469491895385,MidSeason,High
4.21942411367547,2.30830192287649,55.0422074729609,Development,Low
2.17726578561913,3.46851873074364,53.2312290760521,Initial,Low
3.20382365117119,1.63402645084798,58.6577567480094,LateSeason,Low
3.73216065795886,1.84302417411852,29.020382497538,Development,Low
6.12691617301589,0.322264627368738,23.5328130759274,MidSeason,High
4.11036954767608,3.80816200935892,29.2575361914747,LateSeason,Low
2.80889327444757,1.81138994095489,50.0443393956908,LateSeason,Low
6.19303190299249,0,35.3250834741499,MidSeason,High
4.1586229338322,0,56.429033276074,Development,Medium
2.91674355110953,0.164753838812706,22.0907187202462,Initial,Medium
2.45197707940474,1.80531729348803,41.1738274512859,Initial,Low
6.43752799602881,1.47666798003726,51.7697111981583,MidSeason,High
2.51601481839496,0,23.9640332151871,Initial,Medium
4.82514064770589,0,41.1641587820471,MidSeason,High
2.66406864360245,3.47374377497768,42.9942761286657,Initial,Low
3.76469067109115,0,46.550816466637,LateSeason,Medium
2.94143856325301,0,57.903851436678,Initial,Low
3.04670955230196,0,50.5580076129202,LateSeason,Low
3.35509485260278,0.0913746947228598,32.9278158490905,Development,Medium
6.81329974738971,1.44962404107701,33.362536307137,MidSeason,High
3.67318808649458,0,29.2446627086085,Development,Medium
3.2789865886138,0,31.781285512951,LateSeason,Medium
4.78104020844795,1.63381408826194,52.7891711813376,MidSeason,Low
3.73279976605599,0,53.9903629607907,Development,Medium
3.61505247021787,3.50582610777307,22.6955116546365,Development,Low
3.71117861283941,1.27407923630257,42.3727343454986,Development,Low
5.89749460872397,1.20274995746125,39.1893931054152,MidSeason,Medium
2.14408273757176,3.6891236837474,35.1615771240364,Initial,Low
2.12154784196076,3.56151019216305,25.5663306465429,Initial,Low
3.5531896216721,3.73167503997987,51.1560974090556,LateSeason,Low
2.98816547187506,0,21.5316567047801,Initial,High
3.85875280880054,0,41.6438046571192,LateSeason,Medium
2.39501219027263,1.6284462238989,27.2818690470324,Initial,Low
5.15326097815486,0,42.5218031567498,MidSeason,High
2.81127752517887,3.32508223491736,41.0187886439493,Initial,Low
4.62081555307068,3.47308726271146,21.8305482283431,Development,Low
4.1425264765129,0.432462058206482,28.5997565868151,Development,Medium
5.83723486292711,3.23361546982201,44.8123050159485,MidSeason,Low
2.23647865020861,0,50.6811728212736,Initial,Low
4.65238265985146,2.2068353177061,53.7455371881912,Development,Low
3.16427665245014,0.936665144257273,40.3668006224492,LateSeason,Low
3.44100330509984,3.240151716317,51.98545930143,LateSeason,Low
3.69464080481571,0.313477723839938,59.9980132414945,LateSeason,Low
6.71610682164604,1.76283775753044,56.1208879874112,MidSeason,Medium
3.09506890285564,1.15839451921795,58.4874482275124,LateSeason,Low
4.63101952264988,0,57.8028762665687,Development,Medium
4.49718781019303,3.33137807206398,39.8323438523261,Development,Low
3.0413284035733,3.04775351797248,45.0212966853628,LateSeason,Low
3.85372289740009,2.77082323459535,29.5499287670988,Development,Low
2.91989217920322,0.300020748174012,37.3341447501587,Initial,Low
3.71254766795999,0,27.1862504215896,LateSeason,Medium
2.2598684293579,1.12434236484066,36.1942307385451,Initial,Low
4.19145465033786,0.949257595078439,34.4426182534013,LateSeason,Medium
2.53259075374961,0,42.3129295422057,Initial,Low
3.42437407555738,1.94615231596997,50.1435610159685,LateSeason,Low
4.78832128160969,3.85602365844722,48.7572349343385,MidSeason,Low
2.97555126183013,1.30392102635598,33.7502785416044,LateSeason,Low
5.66421422037287,0,39.8864437550349,MidSeason,High
3.5315133599128,0,32.585460942914,LateSeason,Medium
4.529125585065,0,45.7931311456125,Development,Medium
2.92060355997199,2.63651800803803,28.9527977809851,LateSeason,Low
4.13046476289363,0,35.5057114017963,Development,Medium
3.14546096425968,1.38502680273018,55.3424510976507,LateSeason,Low
6.54926078490551,1.12776316767212,24.6084509457146,MidSeason,High
3.54354640849424,2.94917856735503,31.5659530549498,LateSeason,Low
2.81160732520749,2.28738566605412,43.8643978363372,Initial,Low
3.89890573262898,0.97303297353097,54.3569352931063,Development,Low
3.63078528580344,0,41.2927692603828,LateSeason,Medium
3.54110918232014,1.88273260056224,46.8995347553762,Development,Low
4.97778540808858,3.77965856681676,59.430341528427,MidSeason,Low
3.5055671418801,0,58.8643597086689,Development,Medium
2.45253685937688,2.46057723447688,24.7243735542919,Initial,Low
2.28114655859282,0,43.5919685453012,Initial,Low
3.82250095808269,3.65164499016145,48.1332009549988,Development,Low
4.40415534885356,2.35014929952945,29.1019122680306,Development,Medium
2.82689445082068,1.28538728162515,54.2499302212197,LateSeason,Low
4.77974513253604,0,36.9005391688352,Development,High
2.96475269256532,1.86611340278562,29.773174181871,Initial,Low
2.26721654482242,0,53.1482285007774,Initial,Low
4.50553977057449,0,53.3860311118391,Development,Medium
2.97273631987621,0,35.8901461681215,LateSeason,Medium
3.66901740478712,1.42996197179963,48.7492468637114,LateSeason,Low
4.89189769596461,2.8439116168136,48.9352654433875,MidSeason,Low
5.41954520279562,3.19346236938799,45.5279693497987,MidSeason,Low
6.73603739238668,0.425033198411711,24.1431016188503,MidSeason,High
5.92438227925068,0.584473623687259,44.0744153150803,MidSeason,High
2.41221280249442,1.526828818239,38.8035097515317,Initial,Low
2.92922205822738,0,31.7036265770407,LateSeason,Medium
3.05690495358549,0,20.7290002348115,LateSeason,Medium
4.58565925561153,1.63741344799671,47.7580445693508,Development,Low
3.30925402556944,3.23390841702896,21.875984043931,Development,Low
6.01017573588041,2.77852975943654,23.3452562397612,MidSeason,Medium
6.86745852619304,0.925187587286126,36.1362122747726,MidSeason,High
3.2958715486918,0,29.6855138517257,Development,Medium
2.36520713753737,3.10897217834016,53.6099641378084,Initial,Low
5.74861929044195,0.743977434363189,57.2806685247973,MidSeason,High
3.13918865790306,2.93561307821199,45.4458649045527,LateSeason,Low
6.89139366293669,0,21.8826142971784,MidSeason,High
4.73486543921285,1.75136472918569,47.2214742380455,Development,Low
4.70139643403709,0,58.6358553654195,Development,Medium
2.21865223432039,1.0130733132546,54.5126095085319,Initial,Low
4.0200002053751,0,42.1783232178745,LateSeason,Medium
4.11231067151887,0,57.1900523055911,Development,Medium
3.86925569895436,3.86700575093637,36.2431906421539,Development,Low
6.21429429954405,3.60528963712824,38.0398259642137,MidSeason,Medium
5.79639576314178,3.70526816353272,40.966654554273,MidSeason,Low
4.39656449969148,1.26502887992248,26.2496315785746,Development,Medium
2.0214063810614,0,34.248412564914,Initial,Low
4.39009166378253,0.507881719717174,50.5171994426999,Development,Low
3.08264677664554,1.45797696590239,25.5009039665517,LateSeason,Low
4.31237761399098,0,41.098549378937,Development,Medium
4.48631028070005,0.805323899637732,47.6488507658738,Development,Medium
4.68821235714912,2.93251046879391,43.2931007059917,Development,Low
3.4248606731735,2.19997880933428,39.7940495702014,Development,Low
4.25542177880754,0.57223014813702,23.9314086792158,Development,Medium
3.58334125524242,0.402503521999592,38.4498756098071,Development,Medium
3.72008136328556,0.825067437422528,46.4362986383666,LateSeason,Medium
2.84481733720006,0.62970007548366,39.7604151751719,LateSeason,Low
2.61611961436161,0,23.4745566115165,Initial,Medium
2.78116083437665,0,28.1839062120947,Initial,Medium
4.59875606151998,0,55.1459422249591,Development,Medium
4.88546311796628,3.88038565124552,54.6894704552905,MidSeason,Low
4.75023166373178,0,39.2172992669046,MidSeason,High
4.77612794665324,0.0566917308387036,49.0401244495652,MidSeason,Medium
2.70346322075137,0,32.7088759724702,Initial,Medium
2.70581630105041,0.963156911643213,59.3832571663893,Initial,Low
3.9214153942612,0,52.0087808428536,LateSeason,Medium
6.38823320209001,1.12425791066901,52.1774399750917,MidSeason,Medium
3.15410917880964,1.04128065083594,32.003292087754,LateSeason,Low
2.61611073976871,1.90809881498762,41.1301484905266,Initial,Low
4.73472970449639,2.59468573498749,53.4093673522489,MidSeason,Low
3.4876042863233,1.44308670493119,27.249680082001,Development,Medium
3.38604940167331,0,34.7455226171943,Development,Medium
4.67958278682419,0.992341846257556,44.8191610879807,Development,Medium
2.80257475481901,0,30.2872319423,LateSeason,Low
3.72247022263691,0,39.8116070894411,Development,Medium
5.94903613498181,0,30.5515227427469,MidSeason,High
3.80835396942689,2.16831261042495,53.7999029249866,Development,Low
5.96828781503823,0,33.7312156178215,MidSeason,High
3.67826181402159,1.30932103596016,20.047663111927,LateSeason,Medium
2.76095279437779,1.66831881027818,31.3070425083194,Initial,Low
4.1382498844052,0.870530782445504,51.1400940595933,Development,Low
3.11464981495658,1.3179223420282,35.0564913072209,LateSeason,Low
3.00064611228599,0,46.9569860796114,LateSeason,Low
3.39496300006973,3.81274828007113,39.4410973403483,LateSeason,Low
6.1014587581247,0.754004305388242,53.4692352877914,MidSeason,Medium
4.26222291366154,3.41711852200455,23.0032786712953,Development,Low
2.70377026643272,0,52.1589466193612,Initial,Low
3.57672219030853,0,57.2820843797359,LateSeason,Low
2.22874512901309,2.4036411128656,26.2490340338858,Initial,Low
4.06842622370117,3.68554373484714,27.693667106991,LateSeason,Low
3.34687901456067,0,48.293133852545,LateSeason,Low
3.84595912091871,1.41514063832506,32.7620255428292,LateSeason,Low
3.80979301930009,0,53.6611420499052,LateSeason,Low
6.12732397581278,0,33.5934287188529,MidSeason,High
4.42437667833256,0,54.5715370030081,Development,Medium
4.05892910075947,0,54.8487295699928,LateSeason,Medium
6.57374050582049,2.62616428513003,28.7787221359691,MidSeason,Medium
6.76792795355635,0.0486513524565968,36.5398820995397,MidSeason,High
2.72850391572733,0,45.8176008595802,Initial,Low
2.87596977196975,3.81855688024153,46.7586735848578,Initial,Low
6.85689591317105,2.47932774238476,20.8818941903627,MidSeason,High
2.34834555234729,1.9482099876114,55.3830822242451,Initial,Low
5.70009931118113,0,54.1643469402926,MidSeason,High
3.99424232637619,0,33.6979300872208,Development,Medium
2.20763600634607,2.06162596424663,42.5227042030698,Initial,Low
5.55531588437682,0,33.4994200949385,MidSeason,High
3.35682891942747,0.981750144120503,51.5548449609748,LateSeason,Low
3.97847592800157,3.32893856048157,24.6996824818595,LateSeason,Low
2.86603157968056,1.42761946910426,49.7812046655774,Initial,Low
4.24359922224175,0,23.0872365460011,Development,Medium
3.72426491194949,3.7568885052561,23.2955364682763,Development,Low
4.39706673901102,0,32.1946454436626,Development,High
2.54111654076301,0.250302306776487,56.0242871519673,Initial,Low
4.14353914171034,0,28.4767437954229,Development,Medium
2.23920192376982,0,43.6834118732807,Initial,Low
6.34399562308068,3.67680786427581,56.1066752086207,MidSeason,Low
3.56316087345057,2.90111218300289,34.868397688326,LateSeason,Low
2.62258257596295,2.76782850760195,22.8575735557348,Initial,Low
5.64896480209092,3.07179410509417,20.4797595564391,MidSeason,Medium
6.50843563421266,0.57915231735792,46.0344213264536,MidSeason,High
4.08870341290188,0.130995301462053,21.007794143283,Development,High
4.11221464792328,2.32494442440037,53.0256748043115,Development,Low
3.71958416362933,1.84970312470177,27.7272085864332,LateSeason,Low
2.50220294859547,3.77688396957879,58.0791243327491,Initial,Low
6.27320558862124,0,48.103583448817,MidSeason,High
5.26485075287312,0,38.4426548963522,MidSeason,High
3.86715293750437,0.279570890291632,41.8532757493383,LateSeason,Medium
2.74955434428897,0,26.8247075111853,Initial,Medium
2.32249175131192,2.95203140111126,45.508257405029,Initial,Low
2.92066546010763,1.45916517245016,27.7213855184038,LateSeason,Low
4.31099235668711,0,40.1843517195227,Development,Medium
4.28434183994872,0,21.6156682794629,Development,High
2.01762022646737,3.72548038520132,52.4185879290263,Initial,Low
2.61548204759119,2.93868875267643,30.9900970009239,Initial,Low
2.77234473321059,0,45.6522629006068,Initial,Low
5.5578429499105,0,51.353885688574,MidSeason,High
2.03502164902556,1.77599742037724,46.8262855276036,Initial,Low
2.4265105916713,0,54.7861286661823,Initial,Low
3.89313883595036,0,39.4936597829263,Development,Medium
3.88632066142886,0,38.5704684930292,Development,Medium
2.38277600499274,3.58018420122188,23.8943312476483,Initial,Low
3.4114759309767,0,49.3795042901527,LateSeason,Medium
3.10670633610757,0,36.7311464973887,LateSeason,Medium
2.96864427587828,3.18565319640016,37.6202387917056,LateSeason,Low
6.6929287196961,0,48.3842234638756,MidSeason,High
3.36522249318811,0,36.0177474539685,Development,Medium
5.41811291020232,0,21.2995228905477,MidSeason,High
3.01771240828708,0,50.0164170242911,LateSeason,Low
5.2320266599429,0,48.9947340829394,MidSeason,Medium
3.48502667825108,0.64526837974772,32.6440514945166,LateSeason,Medium
3.41545043203495,0,50.1609909162142,LateSeason,Medium
5.78580891789495,0,29.3711226501483,MidSeason,High
3.40908673189443,2.78837457601178,26.2079850857478,LateSeason,Low
3.62025862032674,0,46.2733477902592,LateSeason,Low
3.2288723624367,3.44669682618666,29.8188021544085,Development,Low
5.83534762553135,2.25949311710533,28.8978569071883,MidSeason,Medium
2.12646499033233,1.48530089436385,22.7490850328086,Initial,Low
4.29426922895002,1.72859133564899,28.7758812272579,Development,Low
4.71636914222649,1.16607910099976,30.7357145630049,MidSeason,Medium
2.12580758549773,3.62178295391875,43.0563931637893,Initial,Low
5.21393591185018,0,22.6613847128024,MidSeason,High
4.12643618333754,3.83411504240213,36.978839828075,Development,Low
2.34907767780985,2.81909064898925,35.8378485476061,Initial,Low
4.631481117535,0,45.2428383814938,Development,Medium
6.54911388056878,3.76481281080188,58.6897117941505,MidSeason,Low
4.20328278776323,1.73179213386098,22.0146111083736,Development,Medium
4.70312398160422,2.41278064873324,48.0807876891744,Development,Low
3.01560168046082,0,57.7112432351127,LateSeason,Low
5.42473279972781,2.16671304785175,25.824196634766,MidSeason,Medium
5.10039008277521,0,22.9389048713682,MidSeason,High
2.91194823351384,0,45.6892713957804,Initial,Low
2.1238046120903,0,48.100862385016,Initial,Low
3.90629112543567,1.49424615077313,52.6394572919525,Development,Low
2.07381473996775,0.908127656613496,23.6872227873153,Initial,Low
6.72692764380378,3.22660376338628,43.8240172345573,MidSeason,Medium
3.63192542589844,1.39728101523773,36.3487050633052,LateSeason,Low
5.05851799546692,1.90776087175264,52.8529102938218,MidSeason,Low
4.62093713704786,0,27.1244547054192,Development,High
3.93938558707007,3.24508293298743,21.1623141361334,LateSeason,Low
6.12937488816241,0.492641666355611,27.4980295963163,MidSeason,High
6.01778890478872,0,41.3882810132421,MidSeason,High
5.87323652962514,0.376103360866003,37.6584419888195,MidSeason,High
2.6514657966917,1.33570543358367,55.7804703235381,Initial,Low
2.08153426508062,3.48809131607302,52.2287150055437,Initial,Low
3.3217933266836,0.951858576984396,52.515962699831,LateSeason,Low
3.15365501621609,0,34.9981714306748,LateSeason,Low
6.37481218808865,2.39619314585193,39.8051553589843,MidSeason,Medium
6.05725560757249,0,37.6635350489923,MidSeason,High
3.92726703342959,3.68188485125403,36.7085479150472,LateSeason,Low
2.17735636750708,1.95259237833971,25.0078626294257,Initial,Low
6.81088928027014,2.26524181127596,58.0241855781375,MidSeason,Medium
3.60177113089657,0.211623818789764,55.6470089072422,LateSeason,Low
2.07741744313084,2.61686736361583,34.3427638744786,Initial,Low
6.20275776677666,0,47.4448471494781,MidSeason,High
3.43950127085435,3.0115158021676,27.8415253471926,LateSeason,Low
3.40932602860168,0,37.4437195388647,LateSeason,Medium
3.83491283624914,1.28231942573964,35.272880037359,Development,Medium
2.96922520213261,0,57.0933462638154,Initial,Low
5.759053402505,0,45.933183892309,MidSeason,High
6.12898626249271,1.71940366840966,43.669766997545,MidSeason,Medium
4.77984065168884,0,38.8021454802145,Development,High
4.63094910798929,2.36855060532515,38.5896040526188,Development,Low
2.27665107881824,0,40.5390233595854,Initial,Low
3.74341284260432,0,22.7954293209356,LateSeason,Medium
4.07006695780568,0,47.7717072235896,Development,Medium
2.20145214312706,3.87246226960603,27.1311489641841,Initial,Low
2.81243115073578,0.348642402674292,28.4972166442348,Initial,Medium
6.75812676743878,2.82643155430477,38.8840730490063,MidSeason,Medium
2.55555346402725,3.08848075391547,25.0955391528417,Initial,Low
3.81864078413259,0,38.4480487724414,LateSeason,Medium
6.60280807955869,2.99861788708134,21.653481907484,MidSeason,High
2.21565803264139,1.36749671194153,22.588981177141,Initial,Low
4.72775491329473,0,37.3501827078889,MidSeason,High
3.6176297827382,0,28.0413765971228,Development,Medium
4.40564431825809,0,47.3913040221136,Development,Medium
3.98626653573143,0,59.9633369817631,LateSeason,Medium
2.12287459799366,2.40166209899399,54.6316739354852,Initial,Low
4.01575128941425,2.90464071559276,30.454851953061,Development,Low
3.30631177223762,0.2738399769861,36.357388120264,LateSeason,Low
2.19283836673945,0,36.7014220522584,Initial,Low
5.01353723104033,1.29451973840965,30.201321207465,MidSeason,Medium
3.95035830740099,0.294704372486888,54.9833015699118,Development,Medium
2.58387128428933,0.0608828956595246,24.3984196221249,Initial,Medium
4.35723248521292,1.23728733901413,28.7198605087026,Development,Medium
6.51253146022793,0.823761815724312,35.9854090790622,MidSeason,High
3.63754743902805,0,35.0111050400778,Development,Medium
5.77555235195954,1.34820411574659,57.3191948833857,MidSeason,Medium
3.65206745026364,2.61157900102446,53.4761165017925,LateSeason,Low
4.09819179341501,1.76355875987119,43.9345945226329,LateSeason,Low
6.52943065371072,1.60963595722686,59.3293238805222,MidSeason,Medium
4.58771906442719,0,55.8415498855829,Development,Medium
5.9366966973825,2.41131263114429,33.7168598385356,MidSeason,Medium
2.38877384308846,0.65773167242088,38.3609394508781,Initial,Low
3.57023198583098,0,51.7026483194999,Development,Medium
3.87731145955307,2.20556992919186,52.0837346964471,Development,Low
4.19772769058568,3.01524053578104,47.5193473608744,LateSeason,Low
6.35792167781469,1.95341898945654,23.2624041350614,MidSeason,High
3.58401355127257,0,29.6290193048386,Development,Medium
4.07359514389952,0.126625108686528,47.2191537539081,Development,Medium
5.21139508306079,0,31.9504001958933,MidSeason,High
5.21226905744443,1.40336818054393,44.3980681900029,MidSeason,Medium
2.94071798685112,3.16092379112663,58.693606426698,LateSeason,Low
4.40016910965545,0,51.382711128966,Development,Medium
3.36904631020898,0,32.3459473320669,LateSeason,Medium
2.26411400748419,3.67137828635316,43.4562941886984,Initial,Low
5.35914536069106,2.10740203791853,31.570662599519,MidSeason,Medium
3.37030017418133,0,53.972509831867,Development,Low
4.34480697667081,1.77499216147068,59.053034083387,Development,Low
3.92128153899985,0,50.2656598513809,Development,Low
4.15055870270347,0.729868691244407,57.2762987915354,LateSeason,Low
4.65869336393718,2.93126705331873,38.526332051327,Development,Low
3.89575507988041,2.13958450174428,54.5826428563236,LateSeason,Low
5.59682065326873,0,31.9840463872874,MidSeason,High
3.91067375727005,0,32.1104704610532,Development,High
2.95619652520148,3.31044152271515,36.170291208488,Initial,Low
2.19011155928325,0,56.506675161994,Initial,Low
3.92636237533811,2.13955631447813,28.8642786930038,LateSeason,Low
2.91795317744248,0,50.4587116625714,Initial,Low
3.897516468856,0.137385902899893,51.4283136310285,Development,Medium
4.17565793914891,0,21.9460680913284,Development,High
2.19163979807088,3.82364883289419,41.8267094679771,Initial,Low
2.64221140948185,3.57452556207279,39.17918954993,Initial,Low
2.13090683951187,0,48.3668315287269,Initial,Low
4.65700689637048,3.73251658811841,29.1934276370905,Development,Low
2.03651941053497,0,40.1086179932033,Initial,Low
5.38433613838502,2.09704175045865,54.7301989011566,MidSeason,Low
3.93338261033617,2.34804455327251,55.1677197811745,Development,Low
6.41336856623492,0.967852340026226,50.9175685536197,MidSeason,High
2.38813177645179,0.541548616010333,40.1751951195885,Initial,Low
2.37917893786031,2.48330109388322,48.7072204430366,Initial,Low
4.61230364553059,0,47.5190375124817,Development,Medium
4.21008948819366,3.85723789526847,42.6384765298547,Development,Low
4.06761517054952,3.74153318666829,30.5635751402685,Development,Low
2.53992836667925,3.84036466115449,32.2700099312897,Initial,Low
3.95931209459219,2.18632218675217,36.0214598941126,Development,Low
3.52352402805427,0.130872649704695,59.2462005952788,Development,Low
4.11815370175246,3.09254127949944,47.4490800072824,Development,Low
3.04077660276725,2.89084759398395,48.251502829609,LateSeason,Low
2.33274851224472,1.22913771472276,28.8849961561513,Initial,Low
2.57293943560108,0,57.1981967420753,Initial,Low
3.82992659485428,0.782687793100141,23.4268225272395,LateSeason,Medium
4.44755942664129,0,57.3355751412385,Development,Medium
2.08746420749045,1.89921496055786,55.8496377390551,Initial,Low
2.32393401014711,0,43.085267112366,Initial,Low
2.4771408335936,1.42461405460688,42.9174264855129,Initial,Low
3.84692173813509,1.6136661451254,39.985954005882,LateSeason,Low
4.76063484120006,1.12696763298366,41.0965778525552,Development,Medium
2.28566587098556,2.46153054487652,52.1584580776229,Initial,Low
2.98469106556552,0,40.4001910555921,Initial,Low
3.74063357782541,3.34953173243352,42.5833911712432,LateSeason,Low
5.83354575130781,0.815738260643092,56.7500995614659,MidSeason,Medium
2.98596176292178,1.91427073413762,54.7403739906493,LateSeason,Low
3.24506653308794,0.49694631425305,34.0340693766066,Development,Medium
4.40499550651454,0,51.8651195997526,Development,Medium
6.1813429355417,0,45.7589528803713,MidSeason,High
6.4004111732574,3.61217274837269,37.5383095582818,MidSeason,Medium
5.5941788069071,3.37588081793659,22.6914112182076,MidSeason,Low
3.84404473747137,0,36.6502149838541,Development,Medium
6.10766946771216,0.264145879392187,52.7003303564474,MidSeason,High
2.86982730131949,2.91226769471395,34.1659645529808,LateSeason,Low
4.98907495158408,3.63901835745497,23.4607265195605,MidSeason,Low
4.05963515723533,0,34.6309734191191,Development,Medium
2.67487850602565,0,38.875720215208,Initial,Low
3.97838157326818,1.37388762236129,35.6312502233793,LateSeason,Low
2.39015515439409,0,22.1945805325876,Initial,Medium
2.32036589285646,0.21279337686393,50.6616676739342,Initial,Low
3.55821412563525,0,28.56712214835,Development,Medium
3.47009281982568,0,54.7602189691109,LateSeason,Low
4.78668876619908,0.592044005931562,45.0617025423123,Development,Medium
3.59645421138691,0,38.9907232366228,LateSeason,Medium
3.98611741912604,1.95616222877306,33.511477616258,LateSeason,Low
3.57236219458456,1.30702209997564,55.3678527827268,Development,Low
5.59455423063979,0,26.081361189267,MidSeason,High
4.29566722897212,2.05433994382555,20.6346124072969,Development,Medium
3.06625506293611,0,56.2285862041346,LateSeason,Low
6.49696893987296,0.250078702959874,21.0982415484653,MidSeason,High
6.02073889921247,0,56.4718051300609,MidSeason,High
6.08160767999987,0.80083056672847,53.7511627369266,MidSeason,High
4.91713735333461,0,28.859382111146,MidSeason,High
6.82102016382137,0.61709166871124,50.1396513041649,MidSeason,High
2.84572415350983,3.69780442618795,21.9416648506996,LateSeason,Low
3.21845155896217,0,58.6939045042131,Development,Low
2.04541095765867,0.738193203472944,21.7697547474544,Initial,Low
3.99948816828467,2.52152687092326,53.4128926498549,Development,Low
3.45277224799592,0.205152873016159,47.2047263070284,LateSeason,Medium
4.09730581638191,3.40638373479836,43.2582196835653,LateSeason,Low
3.73066866539634,0.755843319526222,51.6308393232201,Development,Low
5.27685952300859,1.40712926819714,39.6350875848825,MidSeason,Medium
3.71122827914104,2.47615004892842,26.2761507735137,LateSeason,Low
3.48428380449191,1.60427480661415,36.8471869343291,LateSeason,Low
3.75056632753083,2.8437849922063,32.6534181718606,LateSeason,Low
6.07474640992066,3.77922226448598,21.5177790093313,MidSeason,Medium
6.21810106275857,3.24462369384607,43.8853672722457,MidSeason,Low
2.63906116551648,1.12273511466063,54.7536210283363,Initial,Low
4.61310321814243,3.00835787327717,22.8880101864267,MidSeason,Low
2.38292521339516,1.10086246247477,56.0594357573612,Initial,Low
